"Epoch","Error X","Error Y","Global Best X","Global Best Y"
1,7405.962386409706,4190.933645621152,27.337083708998907,9.285886856110958
2,7374.404816156728,4239.309137776894,27.253400740223217,8.290397950729844
3,7094.88528781002,4034.8423860527664,27.1698014544163,7.295904534254111
4,6821.042117258889,3819.8157678375424,27.08628576789519,6.302405611194855
5,6562.762572755563,3627.2063015327403,27.08628576789519,6.302405611194855
6,6318.683026700731,3457.700011998167,27.08628576789519,6.302405611194855
7,6069.49671475967,3293.217073462247,26.808278672244835,6.474361741484783
8,5744.925872278589,3139.1311074146006,25.902325472894233,6.895372193357904
9,5318.789077574672,2997.641225750755,24.99727822674298,7.315961634779152
10,4914.58920035554,2861.009937908106,24.093136027837883,7.736130486758978
11,4529.73693553976,2730.966738202382,23.18989797113169,8.155879169886825
12,4166.6250315011075,2605.8866645117428,22.2875631524822,8.575208104331544
13,3823.973915048317,2485.456810162079,21.38613066865136,8.994117709841818
14,3527.555989706225,2369.6908439844224,21.38613066865136,8.994117709841818
15,3328.4012492280417,2242.678470435777,21.108454386798208,9.085751829570606
16,3154.036576372476,2116.1388063689465,21.108454386798208,9.085751829570606
17,2995.2233159796733,1994.5229694374543,21.108454386798208,9.085751829570606
18,2842.1825007137704,1876.5634916439594,21.108454386798208,9.085751829570606
19,2646.046772547572,1768.5914475261652,20.601295187778994,9.276333237646437
20,2497.002942151357,1652.7278106781478,20.7547945506148,8.743697976787699
21,2326.025826237946,1523.4669071591507,20.266924338867476,7.871927561776028
22,2137.7518508148532,1398.3153227560028,19.7795419973319,7.001028917179368
23,1996.4596359935485,1292.8473912641189,19.7795419973319,7.001028917179368
24,1879.101263984954,1203.225247504542,19.7795419973319,7.001028917179368
25,1767.852777731121,1118.287491815313,19.7795419973319,7.001028917179368
26,1681.0415051725702,1036.6301428197776,19.95882269948197,6.968524625761688
27,1579.507635860054,960.2799693250435,19.95882269948197,6.968524625761688
28,1482.6975793885822,888.9643336137268,20.00194477787007,6.9589291169418885
29,1392.531476771638,821.7917624180815,20.00194477787007,6.9589291169418885
30,1303.4926568953695,758.6111356720139,20.00194477787007,6.9589291169418885
31,1219.496837597233,698.1243262246082,20.00194477787007,6.9589291169418885
32,1140.6593792111478,640.6848830852681,20.021765791986784,6.971162218125162
33,1065.3776124753267,588.181517903579,20.021765791986784,6.971162218125162
34,993.4018634031595,538.2491148716142,20.021765791986784,6.971162218125162
35,923.7627644848352,491.85607300920583,20.011300527036806,6.979637189304058
36,860.0536695224355,446.79912042403316,20.011300527036806,6.979637189304058
37,798.8532045349102,406.2572218086615,20.011300527036806,6.979637189304058
38,740.4671606721,368.9992013869103,20.011300527036806,6.979637189304058
39,686.5321727140278,333.0218337042384,20.011300527036806,6.979637189304058
40,634.2462932725198,300.85761033388525,20.011300527036806,6.979637189304058
41,585.666567709393,270.6654914458182,20.011300527036806,6.979637189304058
42,538.5191587620919,244.1024482959814,20.011300527036806,6.979637189304058
43,494.7402472002871,219.25796309105513,20.011300527036806,6.979637189304058
44,453.3889228329785,197.046548525794,20.011300527036806,6.979637189304058
45,413.9933614808695,176.09704517679702,20.011300527036806,6.979637189304058
46,376.7122912733291,157.03610739064578,20.011300527036806,6.979637189304058
47,341.8713930501214,139.52932777439847,20.011300527036806,6.979637189304058
48,309.15713641641736,123.72006686066652,20.011300527036806,6.979637189304058
49,278.41608868568494,109.2489324638158,20.011300527036806,6.979637189304058
50,250.41117347061925,95.78056610162511,20.011300527036806,6.979637189304058
51,224.5022283901456,83.20763946206516,20.011300527036806,6.979637189304058
52,199.98718850592925,72.17677667568601,20.011300527036806,6.979637189304058
53,177.5249701725734,63.09879358384258,20.011300527036806,6.979637189304058
54,157.36787893902812,55.020258106081315,20.011300527036806,6.979637189304058
55,139.30950291303236,46.95300910097617,20.011300527036806,6.979637189304058
56,121.98417052167434,39.63412898312333,20.011300527036806,6.979637189304058
57,106.40998616832654,33.96558603938341,19.99373234458762,7.00007437548927
58,91.88219803947163,28.822044222674414,19.99373234458762,7.00007437548927
59,78.36363441261902,24.00004842976891,19.99373234458762,7.00007437548927
60,66.35423112978424,19.523865926361232,19.99373234458762,7.00007437548927
61,56.572006065939675,15.975654221368949,19.99373234458762,7.00007437548927
62,48.17753597620674,13.625481964953554,19.99373234458762,7.00007437548927
63,39.763498608917416,11.321382351402109,19.99373234458762,7.00007437548927
64,32.849229802254456,9.296221581442776,19.99373234458762,7.00007437548927
65,27.12888144314335,7.750544601545833,19.99373234458762,7.00007437548927
66,22.574983701541356,6.694480206959064,19.99373234458762,7.00007437548927
67,18.127441482430836,5.3693982565723,19.99373234458762,7.00007437548927
68,14.728493403198971,4.547158252156029,19.99373234458762,7.00007437548927
69,12.064411400983527,4.055185828018224,19.99373234458762,7.00007437548927
70,9.510767774262966,3.418289258572451,19.99373234458762,7.00007437548927
71,7.534862448473522,2.5361657525185213,19.99373234458762,7.00007437548927
72,5.760512872627642,2.4732168928363123,19.99373234458762,7.00007437548927
73,4.769047516879327,3.1587457022475394,19.99373234458762,7.00007437548927
74,3.3093215643074885,3.127177568579314,19.99373234458762,7.00007437548927
75,2.4053398285550847,1.7198916725101716,19.99373234458762,7.00007437548927
76,2.173902149282136,1.1835051260200211,19.99373234458762,7.00007437548927
77,2.183218382369,1.6468955339518445,19.99373234458762,7.00007437548927
78,1.844184739697241,1.6669423098612672,19.99373234458762,7.00007437548927
79,2.3319552617073267,1.7962310639486319,19.99373234458762,7.00007437548927
80,2.639674697413622,1.9519030943633149,19.99373234458762,7.00007437548927
81,2.567368223624252,1.7982180695027918,19.99373234458762,7.00007437548927
82,1.766841646406078,1.5018742050225773,19.99673022620729,6.997929918473359
83,1.5310372724253334,1.6124480043585905,19.99673022620729,6.997929918473359
84,2.117286444204785,1.5181111224688657,19.99673022620729,6.997929918473359
85,2.5308270388618306,1.4724833131130928,19.99673022620729,6.997929918473359
86,2.914151839892653,1.531908115443511,19.99673022620729,6.997929918473359
87,2.32968558882803,1.805151467444802,19.99673022620729,6.997929918473359
88,1.9035373569633696,2.0197396313944944,19.99673022620729,6.997929918473359
89,2.172227067539133,2.145565705089542,19.99673022620729,6.997929918473359
90,2.0956977994511665,1.8653368532236478,19.99673022620729,6.997929918473359
91,1.9913702891941014,1.7911898821698564,19.99673022620729,6.997929918473359
92,1.8447711467501944,1.95449329019314,20.00107397911711,7.0034643113075425
93,1.6471963315251674,2.0183375350768045,20.00107397911711,7.0034643113075425
94,1.664770635629208,1.7579121488343246,20.00107397911711,7.0034643113075425
95,1.8966940476451002,1.688654564464288,20.00107397911711,7.0034643113075425
96,2.1270107619949314,2.0260642980404433,20.00107397911711,7.0034643113075425
97,2.4154289364353687,2.3966732092174174,20.00107397911711,7.0034643113075425
98,2.4650621168664775,1.792663418495767,20.00107397911711,7.0034643113075425
99,2.127924531539477,1.3555286415445318,20.00107397911711,7.0034643113075425
100,1.9888625563327413,1.7742957498660368,20.00107397911711,7.0034643113075425
101,1.7806623595786932,1.8522699038683113,20.00107397911711,7.0034643113075425
102,2.041515465045268,1.5762135464796052,20.00107397911711,7.0034643113075425
103,2.647352658457436,1.5914460495347904,20.00107397911711,7.0034643113075425
104,2.356471675292437,1.7887970863882137,20.00107397911711,7.0034643113075425
105,1.558643496296141,1.8057264322626676,20.00107397911711,7.0034643113075425
106,1.8217665134511174,1.5636979003805158,20.00107397911711,7.0034643113075425
107,2.164470558148373,1.7401901475248227,20.00107397911711,7.0034643113075425
108,2.55103014604514,1.5556374118970688,20.00107397911711,7.0034643113075425
109,2.9846906118935044,1.5461449087051826,20.00107397911711,7.0034643113075425
110,3.2262433648893194,1.497820743853636,20.00107397911711,7.0034643113075425
111,2.807336945480756,1.8883614457718492,20.00107397911711,7.0034643113075425
112,2.111720051293013,1.6853025271156565,20.00107397911711,7.0034643113075425
113,1.981731918911407,1.5188823568867,20.00107397911711,7.0034643113075425
114,2.2695914467543217,1.6103998501634629,20.00107397911711,7.0034643113075425
115,2.7542399240322797,1.5352458480002733,20.00107397911711,7.0034643113075425
116,2.6724724098261223,1.505504407209831,20.00107397911711,7.0034643113075425
117,2.705335156490391,1.6841280388257638,20.00107397911711,7.0034643113075425
118,2.500454592269495,1.5237632936462946,20.00107397911711,7.0034643113075425
119,2.8249980148936213,1.5909111837274919,20.000247118809742,7.000514269207646
120,2.70670940680373,1.6631941152330052,20.000247118809742,7.000514269207646
121,2.5552959625937604,1.5681678977466138,20.000247118809742,7.000514269207646
122,2.5171960736282024,1.4753966055729932,20.000247118809742,7.000514269207646
123,2.6326503423936924,1.5937982165512021,20.000247118809742,7.000514269207646
124,2.755006309820561,1.4449536750953744,20.000247118809742,7.000514269207646
125,2.75066581980364,1.3945064666616291,19.999657400711936,7.000304341057958
126,2.6790786015102253,1.2339844603900234,19.999657400711936,7.000304341057958
127,2.5832044117638535,1.2988263242173899,19.999657400711936,7.000304341057958
128,2.8133226385625414,1.6764448013125148,19.999657400711936,7.000304341057958
129,2.3464597921594748,1.6583411980038403,19.999657400711936,7.000304341057958
130,1.8410773832660714,1.4534891090305058,19.999657400711936,7.000304341057958
131,2.003342653913258,1.6220506634371272,19.999657400711936,7.000304341057958
132,2.537611151955475,1.945174417028601,19.999657400711936,7.000304341057958
133,2.636857084484705,1.7745183803691393,19.999657400711936,7.000304341057958
134,2.3069040857505083,1.7418311472135128,19.999657400711936,7.000304341057958
135,2.343515467816906,2.0978178083220995,19.999657400711936,7.000304341057958
136,2.9098053402424426,1.9271687705746783,19.999657400711936,7.000304341057958
137,2.6900209405136053,1.328262912697013,19.999657400711936,7.000304341057958
138,2.234800441396118,1.482879423252459,19.999657400711936,7.000304341057958
139,2.2421505678251754,2.2313123532798027,19.999657400711936,7.000304341057958
140,2.133769437902894,2.203248928767987,19.999657400711936,7.000304341057958
141,2.0040979996907615,1.7647660281718165,19.999657400711936,7.000304341057958
142,2.238779664114478,1.871718135070037,19.999657400711936,7.000304341057958
143,2.9335774784180284,2.1729241570246356,19.999657400711936,7.000304341057958
144,2.832446482395481,1.8018398702666436,19.999657400711936,7.000304341057958
145,2.592162972990881,1.9362949953250528,19.999657400711936,7.000304341057958
146,2.2958911499841532,2.0397518326817425,19.999657400711936,7.000304341057958
147,2.480117057074975,1.8368827881245833,19.999657400711936,7.000304341057958
148,2.6773789782311836,1.9281278626020457,19.999657400711936,7.000304341057958
149,2.6759158975413397,2.535822615356282,19.999657400711936,7.000304341057958
150,2.607574889221068,2.5969850874361375,19.999657400711936,7.000304341057958
151,2.6597526443012405,2.4362906713454158,19.999657400711936,7.000304341057958
152,2.376176945266399,2.0498269939018354,19.999657400711936,7.000304341057958
153,2.11857684429644,1.6419712103700386,19.999657400711936,7.000304341057958
154,2.700410727156645,1.9686405355495193,19.999657400711936,7.000304341057958
155,3.612080545206087,2.2204159722998926,19.999657400711936,7.000304341057958
156,3.168638856588427,2.0802307827196227,19.999657400711936,7.000304341057958
157,2.628112814768991,1.8845259657796694,19.999657400711936,7.000304341057958
158,2.13521185740297,1.5767322566237636,19.999657400711936,7.000304341057958
159,2.4854323825293174,1.5193700628664175,19.999657400711936,7.000304341057958
160,2.7046039463361313,1.5670230457560363,19.999657400711936,7.000304341057958
161,2.9560874308167975,1.7218851719477635,19.999657400711936,7.000304341057958
162,2.9804788871183323,1.5299875722141003,19.999657400711936,7.000304341057958
163,2.8192728623153585,1.6491271476921512,19.999657400711936,7.000304341057958
164,2.154337805451629,1.5830556723977691,19.999657400711936,7.000304341057958
165,2.4024943066561386,1.6874262986419266,19.999657400711936,7.000304341057958
166,2.4998250529385526,1.4064839537124285,19.999657400711936,7.000304341057958
167,2.1095756137417974,1.0900271069617602,19.999657400711936,7.000304341057958
168,2.4039378290739375,1.522696943843865,19.999657400711936,7.000304341057958
169,2.996465577366871,2.2629591228140344,19.999657400711936,7.000304341057958
170,2.747795458209041,2.216419953249508,19.999657400711936,7.000304341057958
171,2.4411468607667586,1.4277759118871542,19.999657400711936,7.000304341057958
172,2.3822646231818765,1.2429290023652833,19.999657400711936,7.000304341057958
173,2.3770109737340546,1.66992706568314,19.999657400711936,7.000304341057958
174,2.2900642781576432,1.6603616308472704,19.999657400711936,7.000304341057958
175,2.4547171228516484,1.5383927744790258,19.999657400711936,7.000304341057958
176,2.689809333976873,1.419071777449357,19.999657400711936,7.000304341057958
177,3.3126113828973995,1.463425360052379,19.999657400711936,7.000304341057958
178,3.2217183755809486,1.8866654244955132,19.999657400711936,7.000304341057958
179,2.0154406764685593,1.9395175685369233,19.999657400711936,7.000304341057958
180,1.6182705287953354,1.4388266522373536,19.999657400711936,7.000304341057958
181,2.5609712741605706,1.3233669943459472,19.999657400711936,7.000304341057958
182,3.2875119892945786,1.6112627417536804,19.999657400711936,7.000304341057958
183,2.7010114225111126,2.13096175857127,19.999657400711936,7.000304341057958
184,1.741488971489838,1.9632212156315498,19.999657400711936,7.000304341057958
185,2.0062662018787667,1.6671143986282606,19.999657400711936,7.000304341057958
186,2.4407354570738917,1.4855087309425192,19.999657400711936,7.000304341057958
187,2.0998594875041334,1.7744840559674815,19.999657400711936,7.000304341057958
188,1.6776111701303131,2.0773100751166997,19.999657400711936,7.000304341057958
189,2.0281653523850074,1.9388846196176683,19.999657400711936,7.000304341057958
190,2.8406320195031274,1.4881543274813183,19.999657400711936,7.000304341057958
191,2.361611982574683,1.599681123788156,19.999657400711936,7.000304341057958
192,1.5812661324168038,1.7371124823242294,19.999657400711936,7.000304341057958
193,1.3493773361320633,1.8578310466705183,19.999657400711936,7.000304341057958
194,2.438827066142966,1.9294900378385682,19.999657400711936,7.000304341057958
195,3.2092471482993883,2.085418070345253,19.999657400711936,7.000304341057958
196,2.5881373446601073,1.5569410509999282,19.999657400711936,7.000304341057958
197,1.8563649888974554,1.3382859799143807,19.999657400711936,7.000304341057958
198,2.087957825560021,1.3540681683634865,19.999657400711936,7.000304341057958
199,2.4628179894252034,1.991874378930276,19.999657400711936,7.000304341057958
200,2.5117465779509165,2.6913458076401287,19.999657400711936,7.000304341057958
201,2.1804082748046185,2.216344656277796,19.999657400711936,7.000304341057958
202,2.2079249998705692,1.4160254714302216,19.999657400711936,7.000304341057958
203,2.235794588468392,1.471357745753185,19.999657400711936,7.000304341057958
204,1.9732549698290232,2.1837083569513815,19.999890879176156,7.000314896318862
205,2.19978296319335,2.089772626951817,19.999890879176156,7.000314896318862
206,1.9150164108073704,1.3259062073956964,19.999890879176156,7.000314896318862
207,2.0509835916622294,1.4027544943893133,19.999890879176156,7.000314896318862
208,2.4406333048476077,1.925725250043148,19.999890879176156,7.000314896318862
209,2.4876100424314114,1.695287287920974,19.999890879176156,7.000314896318862
210,2.5990759371068077,1.489499738371686,19.999890879176156,7.000314896318862
211,2.4928490025004066,1.7575768392289952,19.999890879176156,7.000314896318862
212,2.8391081779171303,2.030576798372445,19.999890879176156,7.000314896318862
213,3.4356688239151634,1.8660021208607818,19.999890879176156,7.000314896318862
214,3.1275367598643324,1.4204000138746213,19.999890879176156,7.000314896318862
215,2.5486089151436335,1.5344710293531556,19.999890879176156,7.000314896318862
216,2.185635992589409,1.738750852764043,19.999890879176156,7.000314896318862
217,2.183965429758506,1.6927897998755836,19.999890879176156,7.000314896318862
218,2.922738895262791,1.8813181370275185,19.999890879176156,7.000314896318862
219,2.8187653195951503,1.8693778896689235,19.999890879176156,7.000314896318862
220,1.9526795741239393,1.42492335485488,19.999890879176156,7.000314896318862
221,1.6240866150587783,1.4441401710138135,19.999890879176156,7.000314896318862
222,2.348220712392273,2.121708430917719,19.999890879176156,7.000314896318862
223,2.4193197333986376,2.0050898879236274,19.999890879176156,7.000314896318862
224,2.463002618506394,1.7297391740323211,19.999890879176156,7.000314896318862
225,1.9146406901223063,1.405978697636276,19.999890879176156,7.000314896318862
226,1.8780929214202542,1.592665961890662,19.999890879176156,7.000314896318862
227,2.0691332191660714,1.460288695854138,19.999890879176156,7.000314896318862
228,2.3241180044695886,1.1557615058585804,19.999890879176156,7.000314896318862
229,2.416014565216453,1.1873385067009756,19.999890879176156,7.000314896318862
230,2.0110044412263304,1.574556013393819,19.999890879176156,7.000314896318862
231,2.169130371674112,2.3532795053157676,19.999890879176156,7.000314896318862
232,2.492892726407314,1.9096500082153693,19.999890879176156,7.000314896318862
233,1.9104547472990765,1.2447729685640476,19.999890879176156,7.000314896318862
234,1.9520610295786476,1.1589398467419325,19.999890879176156,7.000314896318862
235,2.101941401437331,1.5548239865349442,19.999890879176156,7.000314896318862
236,1.9287496773462693,1.6808486739852175,19.999890879176156,7.000314896318862
237,1.6031768745811998,1.5899321025354345,19.999890879176156,7.000314896318862
238,1.5085981997864781,1.593312539816427,19.999890879176156,7.000314896318862
239,1.793607810239224,1.3042679922765301,19.999890879176156,7.000314896318862
240,1.7345267202183288,1.2947316357615142,19.999890879176156,7.000314896318862
241,1.5273537548481153,1.4080521307649367,19.999890879176156,7.000314896318862
242,1.6032701714821809,1.7307364162140466,19.999890879176156,7.000314896318862
243,2.1342600729436607,1.8505317673980846,19.999890879176156,7.000314896318862
244,2.165726324082056,1.9770549048612425,19.999890879176156,7.000314896318862
245,2.2697084130581815,1.7299311888278597,19.999890879176156,7.000314896318862
246,2.193109387027762,1.5286525131496578,19.999890879176156,7.000314896318862
247,1.9292431179187188,1.7713334488166461,19.999890879176156,7.000314896318862
248,1.5212918616106768,1.5342098432282198,19.999890879176156,7.000314896318862
249,1.6344531516632566,1.2604672790587839,19.999890879176156,7.000314896318862
250,2.15472029555483,1.194211657013376,19.999890879176156,7.000314896318862
251,2.000966256723859,1.2734321314889934,19.999890879176156,7.000314896318862
252,1.7854681120509803,1.2199720137188392,19.999890879176156,7.000314896318862
253,1.616535734429906,1.3642082717180357,19.999890879176156,7.000314896318862
254,1.9091127450378047,1.478528696374685,19.999890879176156,7.000314896318862
255,1.9662266936775383,1.4324989731338118,19.999890879176156,7.000314896318862
256,1.7065110925103306,1.3586978740902271,19.999890879176156,7.000314896318862
257,1.539728306206616,1.3655162009144939,19.999890879176156,7.000314896318862
258,2.4664328290377995,1.64521605145791,19.999890879176156,7.000314896318862
259,2.7093841235576566,2.0133986305223783,19.999890879176156,7.000314896318862
260,2.2666851710275293,1.9486002486264429,19.999890879176156,7.000314896318862
261,1.8240489001348086,1.4777128851979955,19.999890879176156,7.000314896318862
262,1.7985804640465675,1.0898904667786506,19.999890879176156,7.000314896318862
263,1.8150212078265118,1.837029848543277,19.999890879176156,7.000314896318862
264,2.218996911799543,2.2259703156610917,19.999890879176156,7.000314896318862
265,2.682026023190358,1.6534867427312283,19.999890879176156,7.000314896318862
266,2.369070021623981,1.257422625740648,19.999890879176156,7.000314896318862
267,1.9577376875852577,1.8008155774696988,19.999890879176156,7.000314896318862
268,1.9880122736392356,2.473199270241623,19.999890879176156,7.000314896318862
269,2.231489435068004,2.1780128134643206,19.999890879176156,7.000314896318862
270,2.4174950844449707,1.8802453634720704,19.999890879176156,7.000314896318862
271,1.728517148577463,1.7428365134240043,19.999890879176156,7.000314896318862
272,1.9103307402100418,1.692616486041115,19.999890879176156,7.000314896318862
273,2.8147635773137973,2.0400999668732394,19.999890879176156,7.000314896318862
274,3.3525878567721237,2.314858740364899,19.999890879176156,7.000314896318862
275,2.575245554159505,2.240549287210217,19.999890879176156,7.000314896318862
276,2.3419665044189846,1.9193320436151176,19.999890879176156,7.000314896318862
277,2.8359233813754936,1.8242081550861209,19.999890879176156,7.000314896318862
278,2.668102329652135,1.9172057502528805,19.999890879176156,7.000314896318862
279,1.4098696361330094,1.560963344879405,19.999890879176156,7.000314896318862
280,1.797177355884588,1.7115923063575096,19.999890879176156,7.000314896318862
281,2.786959841861562,1.9998359549170595,19.999890879176156,7.000314896318862
282,3.1893954756529537,1.7983468407806003,19.999890879176156,7.000314896318862
283,2.7099516935972026,1.409194365063136,19.999890879176156,7.000314896318862
284,1.9908755807567269,1.5313597140076851,19.999890879176156,7.000314896318862
285,2.5131747601379435,2.430854515638177,19.999890879176156,7.000314896318862
286,2.7711908036648083,3.052269684791856,19.999890879176156,7.000314896318862
287,2.620487103114743,2.4736788551909417,19.999890879176156,7.000314896318862
288,2.4611997470990055,1.651346959537699,19.999890879176156,7.000314896318862
289,2.161009374304145,1.7913667845868062,19.999890879176156,7.000314896318862
290,1.9872150418997923,1.900512911889922,19.999890879176156,7.000314896318862
291,1.9553211217420867,1.4129853209244563,19.999890879176156,7.000314896318862
292,2.335243378300228,1.4856790267079614,19.999890879176156,7.000314896318862
293,2.4599899833105585,2.103643345389694,19.999890879176156,7.000314896318862
294,1.9810883642093495,1.8627812464326934,19.999890879176156,7.000314896318862
295,2.0906061540016165,1.4696042476094098,19.999890879176156,7.000314896318862
296,2.2603272668462195,1.3463191622598898,19.999890879176156,7.000314896318862
297,2.471946066580287,1.8796830722440996,19.999890879176156,7.000314896318862
298,2.75455380788289,2.166855971110228,19.999890879176156,7.000314896318862
299,2.5659530129554033,1.8196794600879895,19.999890879176156,7.000314896318862
300,2.3019256550099847,1.7866285157771031,19.999890879176156,7.000314896318862
301,2.496561831675175,1.8172863995116704,19.999890879176156,7.000314896318862
302,2.522028112008911,1.7995306555555872,19.999890879176156,7.000314896318862
303,2.3025667949941995,2.2191807905698133,19.999890879176156,7.000314896318862
304,2.2210911791871886,2.0086434943953138,19.999890879176156,7.000314896318862
305,2.3005876107810717,2.2760896102670105,19.999890879176156,7.000314896318862
306,2.5060873630145206,2.43316645945023,19.999890879176156,7.000314896318862
307,2.130100722276069,1.8488029436289144,19.999890879176156,7.000314896318862
308,2.108881849862939,1.6843587131758042,19.999890879176156,7.000314896318862
309,2.0537634554896407,1.9636953614265409,19.999890879176156,7.000314896318862
310,2.041463447518462,1.6042611322444367,19.999890879176156,7.000314896318862
311,1.986537447089363,1.3529848161769789,19.999890879176156,7.000314896318862
312,1.7797448955087027,1.509949982811524,19.999890879176156,7.000314896318862
313,1.4225676303018409,1.5180231119646164,19.999890879176156,7.000314896318862
314,1.50444970708026,1.1860158078070482,19.999890879176156,7.000314896318862
315,2.1389911642062827,1.3304697705642057,19.999890879176156,7.000314896318862
316,2.0155844647897645,1.4185702722583267,19.999890879176156,7.000314896318862
317,1.7736088144010111,1.4078795361113956,19.999890879176156,7.000314896318862
318,1.9438026052122472,1.5095515239327835,19.999890879176156,7.000314896318862
319,2.4039680654764464,1.7470179575247262,19.999890879176156,7.000314896318862
320,2.346216510737428,1.5909306199944016,19.999890879176156,7.000314896318862
321,2.1207173942674427,1.5260455839264322,19.999890879176156,7.000314896318862
322,1.8951321963951013,1.5702238635711845,19.999890879176156,7.000314896318862
323,2.265378351671657,1.7201007784694544,19.999890879176156,7.000314896318862
324,3.2156068506387996,2.2243130016996733,19.999890879176156,7.000314896318862
325,2.830987245660065,2.145697728343414,19.999890879176156,7.000314896318862
326,1.9185979131664586,1.66510382738898,19.999890879176156,7.000314896318862
327,1.7331219347398397,1.6238883316453263,19.999890879176156,7.000314896318862
328,2.2553757816907103,1.7002018695937822,19.999890879176156,7.000314896318862
329,2.3095428001164464,1.5622220176196926,19.999890879176156,7.000314896318862
330,2.1886907307868664,1.3940992741380551,19.999890879176156,7.000314896318862
331,2.2619241787112956,1.7753844686614055,19.999890879176156,7.000314896318862
332,2.1357262018967984,1.6426915837759077,19.999890879176156,7.000314896318862
333,1.8403165847929364,1.3808260355017934,19.999890879176156,7.000314896318862
334,2.232631958374589,1.5310321544137389,19.999890879176156,7.000314896318862
335,2.6942328810468505,1.724806831217105,19.999890879176156,7.000314896318862
336,2.5553079877465423,1.7345047470251584,19.999890879176156,7.000314896318862
337,2.6703724254678938,1.7908481668073493,19.999890879176156,7.000314896318862
338,3.1047788746237073,1.7574116482511366,19.999890879176156,7.000314896318862
339,2.967113972494585,2.0263570073513457,19.999890879176156,7.000314896318862
340,1.9561881062551434,1.678678896513307,19.999890879176156,7.000314896318862
341,1.7265930566059566,1.6805120840897665,19.999890879176156,7.000314896318862
342,2.200711039349199,2.0643617297713273,19.999890879176156,7.000314896318862
343,2.53427329606815,2.64048384230628,19.999890879176156,7.000314896318862
344,2.1067600555337074,2.062481524918064,19.999890879176156,7.000314896318862
345,1.9735156776392344,1.5728094594752342,19.999890879176156,7.000314896318862
346,1.7198901592924818,1.694803921214424,19.999890879176156,7.000314896318862
347,1.9508344186826356,2.0199505794113537,19.999890879176156,7.000314896318862
348,1.6832677496534942,1.9086475889003642,19.999890879176156,7.000314896318862
349,1.83415041626455,1.973966901634671,19.999890879176156,7.000314896318862
350,2.072244223196033,1.7994897136495493,19.999890879176156,7.000314896318862
351,2.3929404863914656,1.4361455599918445,19.999890879176156,7.000314896318862
352,1.698469014375628,1.2564099273025031,19.999890879176156,7.000314896318862
353,1.2960358678372734,1.7801879246163157,19.999890879176156,7.000314896318862
354,1.4860169480007694,2.2940908632984023,19.999890879176156,7.000314896318862
355,2.2947536409750984,1.9779213417362436,19.999890879176156,7.000314896318862
356,2.281949684455735,1.462686793948456,19.999890879176156,7.000314896318862
357,1.5652105612759861,1.279858161339194,19.999890879176156,7.000314896318862
358,1.0982838111969717,1.3576498529179635,19.999890879176156,7.000314896318862
359,1.4518629836348191,1.7280396957567523,19.999890879176156,7.000314896318862
360,1.9817364347240916,1.7694397376721593,19.999890879176156,7.000314896318862
361,1.956720827338247,1.870503927431371,19.999890879176156,7.000314896318862
362,1.673309654628106,2.015495510703674,19.999890879176156,7.000314896318862
363,1.7479530225521096,1.4630519918886433,19.999890879176156,7.000314896318862
364,2.0869342318139714,1.1469893532402484,19.999890879176156,7.000314896318862
365,2.0109813590343824,1.2055203975927786,19.999890879176156,7.000314896318862
366,1.8395654496017326,1.6442985982461829,19.999890879176156,7.000314896318862
367,2.014606310725356,1.5612729403387593,19.999890879176156,7.000314896318862
368,1.649041708501529,1.6233441354292328,19.999890879176156,7.000314896318862
369,1.7792892461850967,1.556720399359011,19.999890879176156,7.000314896318862
370,2.1207166413413687,1.4842208052082577,19.999890879176156,7.000314896318862
371,1.8818158830027885,1.3174224975942228,19.999890879176156,7.000314896318862
372,1.75848695612147,1.6311181180530263,19.999890879176156,7.000314896318862
373,1.6735528837606026,1.9668981658958853,19.999890879176156,7.000314896318862
374,2.10348146348942,1.7491842163720528,19.999890879176156,7.000314896318862
375,2.2393097425836057,1.4678696812443652,19.999890879176156,7.000314896318862
376,1.8906718586300426,1.5667497035687776,19.999890879176156,7.000314896318862
377,1.6260587921490874,1.7925806427934583,19.999890879176156,7.000314896318862
378,1.8580071364205333,1.8651370158260445,19.999890879176156,7.000314896318862
379,2.121203389996266,1.5173870647772856,19.999890879176156,7.000314896318862
380,2.373301388006429,1.218972882883869,19.999890879176156,7.000314896318862
381,1.726828891039385,1.0432068843052857,19.999890879176156,7.000314896318862
382,1.6157250288449418,1.3385505332640166,19.999890879176156,7.000314896318862
383,2.114497447748685,1.8151408625402063,19.999890879176156,7.000314896318862
384,2.317112250231245,1.449242457955501,19.999890879176156,7.000314896318862
385,2.0257788095620426,1.0379853248607096,19.999890879176156,7.000314896318862
386,2.0346767560943153,1.080839882489082,19.999890879176156,7.000314896318862
387,2.3748384843372237,1.419276311623527,19.999890879176156,7.000314896318862
388,1.9724651058101341,1.3614611006874018,19.999890879176156,7.000314896318862
389,1.6202876829209474,1.1464338658722806,19.999890879176156,7.000314896318862
390,1.8620252618443176,1.1329842226874924,19.999890879176156,7.000314896318862
391,2.2460182059603855,1.1742042745539971,19.999890879176156,7.000314896318862
392,2.1833354786027335,1.2873589645287018,19.999890879176156,7.000314896318862
393,1.6700003811094086,1.1968465107009072,19.999890879176156,7.000314896318862
394,1.5890120979858393,1.057280093476875,19.999890879176156,7.000314896318862
395,1.7508345145271609,1.3916278099224912,19.999890879176156,7.000314896318862
396,1.5786861340591143,1.6217059791995603,19.999890879176156,7.000314896318862
397,1.8543870110777405,1.4942443408635349,19.999890879176156,7.000314896318862
398,2.2333703083205627,1.2923565814306945,19.999890879176156,7.000314896318862
399,2.1293184632898923,1.248888354324176,19.999890879176156,7.000314896318862
400,2.268078615508421,1.3838003423152345,19.999890879176156,7.000314896318862
401,2.581032739066571,1.6243349697035652,19.999890879176156,7.000314896318862
402,2.1020401401556117,1.6870422912789174,19.999890879176156,7.000314896318862
403,2.0540923759162752,1.9532639957711557,19.999890879176156,7.000314896318862
404,2.157302088549962,1.632189427585592,19.999890879176156,7.000314896318862
405,2.5718482168202534,1.422690890480576,19.999890879176156,7.000314896318862
406,2.502534318738248,1.2395086831179447,19.999890879176156,7.000314896318862
407,1.91789964843186,1.3649431045869684,19.999890879176156,7.000314896318862
408,1.6613203850891196,1.5282433171637588,19.999890879176156,7.000314896318862
409,2.0780748172717254,1.5684162005435989,19.999890879176156,7.000314896318862
410,1.959508097934911,1.4592373079241545,19.999890879176156,7.000314896318862
411,2.084207357121032,1.7652238083064082,19.999890879176156,7.000314896318862
412,2.0903111064328654,1.7085065306842857,19.999890879176156,7.000314896318862
413,1.7961629157478816,1.4648387745779408,19.999890879176156,7.000314896318862
414,1.8869709947845106,1.6854791121754336,19.999890879176156,7.000314896318862
415,1.8977511268519398,1.7060688647172002,19.999890879176156,7.000314896318862
416,1.7906406618095017,1.2110577253938826,19.999890879176156,7.000314896318862
417,2.042251354007105,1.171503341534948,19.999890879176156,7.000314896318862
418,2.305183749169933,1.41372540891678,19.999890879176156,7.000314896318862
419,2.0689242192135042,1.8067940034104055,19.999890879176156,7.000314896318862
420,1.6449777467669113,1.5538945825592976,19.999890879176156,7.000314896318862
421,1.7935374562012285,1.2268762284568688,19.999890879176156,7.000314896318862
422,1.9252889486646638,1.3571897648871438,19.999890879176156,7.000314896318862
423,2.1364124225413628,1.4097045690585426,19.999890879176156,7.000314896318862
424,2.3720142703179934,1.73811929562532,19.999890879176156,7.000314896318862
425,2.4187323589830116,1.9224841825304744,19.999890879176156,7.000314896318862
426,2.012698885416527,1.2935099666894574,19.999890879176156,7.000314896318862
427,2.1415772048040895,1.1133379821391631,19.999890879176156,7.000314896318862
428,2.4768276623703027,1.8590863136804356,19.999890879176156,7.000314896318862
429,2.581883097301409,2.297711745229234,19.999890879176156,7.000314896318862
430,2.6277092329564367,1.3766803134685082,19.999890879176156,7.000314896318862
431,2.2063371268187266,0.7581002352308788,19.999890879176156,7.000314896318862
432,1.9486653374851377,1.5744371177176832,19.999890879176156,7.000314896318862
433,1.8759622090750967,2.2473765234798257,19.999890879176156,7.000314896318862
434,2.1150591873927205,1.645270838400135,19.999890879176156,7.000314896318862
435,2.251920498605159,1.1037608053530068,19.999724162625043,7.000160792759473
436,2.071768666952539,1.391431030213795,19.999724162625043,7.000160792759473
437,2.201921120224204,1.9419362602183199,19.999724162625043,7.000160792759473
438,2.649331322155154,2.0321722383371177,19.999724162625043,7.000160792759473
439,2.8520526545653544,1.6036848561836465,19.999724162625043,7.000160792759473
440,2.1458132796666294,1.3962435583171926,19.999724162625043,7.000160792759473
441,1.810582742864786,1.7812311976147708,19.999724162625043,7.000160792759473
442,1.8911521833201768,1.9746160110405293,19.999724162625043,7.000160792759473
443,2.701280068627489,1.5513662631996539,19.999724162625043,7.000160792759473
444,2.8472970805546916,1.5344061938558244,19.999724162625043,7.000160792759473
445,2.743011842254445,1.9570986237533543,19.999724162625043,7.000160792759473
446,2.711305981528019,2.085714529487434,19.999724162625043,7.000160792759473
447,2.8025300767348877,1.5152505348106255,19.999724162625043,7.000160792759473
448,2.917273233345076,1.5919309622567548,19.999724162625043,7.000160792759473
449,2.4294322587270756,1.7953132343692322,19.999724162625043,7.000160792759473
450,2.4457087112328875,1.6932583404816794,19.999724162625043,7.000160792759473
451,3.1164990804389863,1.7483143080612287,19.999724162625043,7.000160792759473
452,2.7901039590820877,1.8361369409765373,19.999724162625043,7.000160792759473
453,2.0176138761907176,1.9244744367039386,19.999724162625043,7.000160792759473
454,2.2117694013833646,1.5830578864018552,19.999724162625043,7.000160792759473
455,2.8687559336575124,1.9459131272432098,19.999724162625043,7.000160792759473
456,2.5369963086844773,2.4657580827763965,19.999724162625043,7.000160792759473
457,1.913239751760935,1.74864616516345,19.999724162625043,7.000160792759473
458,2.251022614144537,1.072131737648577,19.999724162625043,7.000160792759473
459,2.9925138352312772,1.6853886238034907,19.999724162625043,7.000160792759473
460,2.9062144004007338,2.239698408913394,19.999724162625043,7.000160792759473
461,2.2341680816895693,1.732515728260021,19.999724162625043,7.000160792759473
462,1.978521302383497,1.0165146428533787,19.999724162625043,7.000160792759473
463,2.1821914036219696,1.2242612690008698,19.999724162625043,7.000160792759473
464,2.5056568168232687,1.9511803267127412,19.999724162625043,7.000160792759473
465,2.284952127218466,1.7041660682138962,19.999724162625043,7.000160792759473
466,1.8796143052521135,1.3084878608323487,19.999724162625043,7.000160792759473
467,2.2469248507271518,1.7066352756759748,19.999724162625043,7.000160792759473
468,2.255847456877864,2.31037648621137,19.999724162625043,7.000160792759473
469,2.0330822664703585,2.8597197266942573,19.999724162625043,7.000160792759473
470,2.0335017930847985,2.371886397031867,19.999724162625043,7.000160792759473
471,2.018369061743799,1.5677017625785752,19.999724162625043,7.000160792759473
472,1.9113474191960493,1.510146881909363,19.999724162625043,7.000160792759473
473,2.516161802981005,2.178056700455746,19.999724162625043,7.000160792759473
474,2.7501708724800213,2.6479322599898705,19.999724162625043,7.000160792759473
475,2.725883491758978,2.275724580373742,19.999724162625043,7.000160792759473
476,2.1903853576302548,1.6284540132971372,19.999724162625043,7.000160792759473
477,2.478862022882378,1.690230557587179,19.999724162625043,7.000160792759473
478,2.686332638590676,2.0499960429335964,19.999724162625043,7.000160792759473
479,2.874769418264831,2.7373503153252297,19.999724162625043,7.000160792759473
480,2.316115802984837,2.368634366387384,19.999724162625043,7.000160792759473
481,2.202363299835585,1.527021243818783,19.999724162625043,7.000160792759473
482,1.9186657674726832,1.623741812106966,19.999724162625043,7.000160792759473
483,1.9779913074616908,2.5465906232829414,19.999724162625043,7.000160792759473
484,2.5194955234254595,2.6883698590725253,19.999724162625043,7.000160792759473
485,2.746930497115507,2.0936902156016024,19.999724162625043,7.000160792759473
486,1.9896015222593655,1.398272962571695,19.999724162625043,7.000160792759473
487,1.8700039834789859,1.5349369459712763,19.999724162625043,7.000160792759473
488,2.129048509234472,2.000564710789218,19.999724162625043,7.000160792759473
489,2.035125072394694,2.0718715669254903,19.999724162625043,7.000160792759473
490,1.6457663303774854,1.6765794813147257,19.999724162625043,7.000160792759473
491,1.4889946419616296,1.5133564172586793,19.999724162625043,7.000160792759473
492,2.4767424134695823,1.9129305677623585,19.999724162625043,7.000160792759473
493,3.072066124968984,1.8859165633670114,19.999724162625043,7.000160792759473
494,2.090070199343074,1.7692310292548656,19.999724162625043,7.000160792759473
495,1.3245104504588925,1.8386216138479599,19.999724162625043,7.000160792759473
496,1.7154041290707511,2.2271626043560726,19.999724162625043,7.000160792759473
497,2.9899256853142204,2.2755707375791014,19.999724162625043,7.000160792759473
498,3.3030063332142237,1.7709425214658658,19.999724162625043,7.000160792759473
499,2.628221072858518,1.606548351048593,19.999724162625043,7.000160792759473
500,1.53087226687878,1.526780640681595,19.999724162625043,7.000160792759473
